{"uuid":"60BF31C9-475C-463F-A1BC-98E7EA6EBDAD","type":"BufferGeometry","data":{"attributes":{"position":{"itemSize":3,"type":"Float32Array","array":[0,0,2.1347,0.000001,5.708045,2.1347,0.000002,5.708045,-2.1347,2.1347,-0.000001,0,2.134702,5.708045,0,-2.134698,5.708045,0,0,0,-2.1347,0,0,2.1347,0.000002,5.708045,-2.1347,-2.1347,0.000001,0,2.1347,-0.000001,0,-2.134698,5.708045,0],"normalized":false},"normal":{"itemSize":3,"type":"Float32Array","array":[-1,0,0,-1,0,0,-1,0,0,0,0,1,0,0,1,0,0,1,-1,0,0,-1,0,0,-1,0,0,0,0,1,0,0,1,0,0,1],"normalized":false},"uv":{"itemSize":2,"type":"Float32Array","array":[1,0,1,1,0,1,1,0,1,1,0,1,0,0,1,0,0,1,0,0,1,0,0,1],"normalized":false}},"groups":[{"start":0,"count":12,"materialIndex":0}],"boundingSphere":{"center":[0.000001,2.854022,0],"radius":3.564041}}}