{"uuid":"BBAC3BD7-B00C-478F-93A1-F9F24C53F1DB","type":"BufferGeometry","data":{"attributes":{"position":{"itemSize":3,"type":"Float32Array","array":[-1.455202,0,0.59339,1.455202,0,-0.59339,1.455202,3.480221,-0.59339,-1.455202,0,0.59339,1.455202,3.480221,-0.59339,-1.455202,3.480221,0.59339,0.59339,0,1.455202,-0.59339,0,-1.455202,-0.59339,3.480221,-1.455202,0.59339,0,1.455202,-0.59339,3.480221,-1.455202,0.59339,3.480221,1.455202],"normalized":false},"normal":{"itemSize":3,"type":"Float32Array","array":[0.377586,0,0.925974,0.377586,0,0.925974,0.377586,0,0.925974,0.377586,0,0.925974,0.377586,0,0.925974,0.377586,0,0.925974,0.925974,0,-0.377586,0.925974,0,-0.377586,0.925974,0,-0.377586,0.925974,0,-0.377586,0.925974,0,-0.377586,0.925974,0,-0.377586],"normalized":false},"uv":{"itemSize":2,"type":"Float32Array","array":[0,0,1,0,1,1,0,0,1,1,0,1,0,0,1,0,1,1,0,0,1,1,0,1],"normalized":false}},"groups":[{"start":0,"count":12,"materialIndex":0}],"boundingSphere":{"center":[0,1.740111,0],"radius":2.344719}}}